{
  "Lautsprecher": [
    {
      "part_no": "4711",
      "part_desc": "Chassis Tannoy 11 r99",
      "on_stock": 1
    },
    {
      "part_no": "4713",
      "part_desc": "Membran Tannoy 11 r99",
      "on_stock": 1
    },
    {
      "part_no": "4715",
      "part_desc": "Spule Tannoy 11 r99",
      "on_stock": 0
    },
    {
      "part_no": "4717",
      "part_desc": "1 Paar Anschlussst\u00fccke Tannoy 11 r99",
      "on_stock": 10
    },
    {
      "part_no": "4719",
      "part_desc": "Garantieerkl\u00e4rung",
      "on_stock": 99999
    },
    {
      "part_no": "4721",
      "part_desc": "Beipacktext",
      "on_stock": 999
    },
    {
      "part_no": "4723",
      "part_desc": "Kurzanleitung",
      "on_stock": 99
    }
  ]
}
